1,712,-1,-1,-1,1
1,268,-1,-1,-1,1
1,217,-1,-1,-1,1
3,722,-1,-1,-1,1
3,676,-1,-1,-1,1
3,619,-1,-1,-1,1
3,355,-1,-1,-1,1
1,216,-1,-1,-1,1
1,371,-1,-1,-1,1
1,779,-1,-1,-1,1
1,326,-1,-1,-1,1
1,409,-1,-1,-1,1
1,324,-1,-1,-1,1
1,864,-1,-1,-1,1
1,940,-1,-1,-1,1
58,551,-1,-1,-1,1
1,251,-1,-1,-1,1
1,483,-1,-1,-1,1
81,268,-1,-1,-1,1
81,408,-1,-1,-1,1
81,410,-1,-1,-1,1
81,409,-1,-1,-1,1
81,266,-1,-1,-1,1
1,306,-1,-1,-1,1
1,297,-1,-1,-1,1
1,965,-1,-1,-1,1
1,475,-1,-1,-1,1
1,206,-1,-1,-1,1
1,267,-1,-1,-1,1
1,364,-1,-1,-1,1
1,265,-1,-1,-1,1
1,562,-1,-1,-1,1
1,583,-1,-1,-1,1
28,444,-1,-1,-1,1
1,863,1007,1014,1020,1
2,118,1006,1013,1022,1
3,625,1006,1013,1020,1
4,119,1007,1015,1020,1
5,120,1007,1014,1021,1
6,571,1007,1019,1020,1
7,574,1009,1014,1020,1
8,316,1012,1019,1021,1
9,689,1012,1014,1020,1
10,135,1012,1014,1021,1
11,125,1009,1013,1022,1
12,941,1007,1014,1020,1
13,619,1012,1019,1020,1
14,113,1009,1019,1020,1
15,457,1007,1014,1021,1
16,431,1007,1014,1021,1
17,122,1007,1016,1020,1
18,164,1007,1014,1020,1
19,175,1006,1016,1020,1
20,462,1009,1019,1020,1
21,377,1012,1019,1021,1
22,654,1012,1019,1021,1
23,146,1012,1019,1021,1
24,226,1007,1019,1020,1
25,177,1007,1014,1020,1
26,179,1007,1014,1021,1
27,617,1012,1019,1022,1
28,660,1012,1014,1021,1
29,227,1012,1019,1021,1
30,183,1012,1014,1020,1
31,750,1006,1013,1021,1
32,710,1007,1014,1020,1
33,144,1007,1019,1020,1
34,144,1009,1016,1020,1
35,168,1011,1014,1020,1
36,230,1007,1014,1020,1
37,254,1006,1013,1021,1
38,240,1006,1016,1020,1
39,542,1009,1015,1021,1
40,253,1007,1014,1020,1
41,276,1007,1018,1020,1
42,226,1007,1014,1020,1
43,283,1012,1019,1021,1
44,378,1009,1016,1020,1
45,383,1006,1013,1021,1
46,414,1009,1014,1020,1
47,274,1012,1019,1020,1
48,392,1007,1014,1020,1
49,379,1012,1019,1020,1
50,404,1009,1016,1020,1
51,355,1012,1019,1020,1
52,447,1007,1019,1021,1
53,456,1007,1014,1020,1
54,528,1007,1014,1020,1
55,122,1012,1019,1020,1
56,809,1012,1019,1020,1
57,564,1009,1014,1020,1
58,479,1012,1015,1021,1
59,501,1007,1014,1020,1
60,589,1012,1014,1021,1
61,241,1007,1014,1020,1
62,651,1012,1013,1021,1
63,644,1007,1014,1020,1
64,663,1010,1019,1021,1
65,398,1012,1019,1021,1
66,224,1007,1014,1020,1
67,550,1007,1014,1021,1
68,478,1007,1014,1020,1
69,576,1012,1019,1021,1
70,561,1009,1014,1020,1
71,652,1007,1014,1020,1
72,561,1007,1016,1020,1
73,376,1007,1014,1021,1
74,144,1007,1016,1020,1
75,265,1007,1014,1020,1
76,732,1007,1014,1020,1
77,449,1006,1016,1020,1
78,374,1006,1013,1020,1
79,214,1012,1019,1021,1
80,525,1006,1013,1021,1
81,282,1012,1019,1021,1
82,807,1007,1014,1021,1
83,144,1009,1016,1020,1
84,837,1009,1019,1021,1
85,354,1007,1019,1021,1
86,144,1012,1016,1021,1
87,366,1012,1019,1021,1
88,810,1012,1019,1021,1
89,852,1007,1019,1020,1
90,200,1012,1019,1021,1
91,776,1007,1014,1020,1
92,144,1009,1019,1020,1
93,732,1007,1014,1020,1
94,734,1007,1014,1021,1
95,725,1007,1014,1020,1
96,787,1007,1014,1020,1
97,871,1007,1014,1020,1
98,354,1007,1019,1020,1
99,879,1012,1019,1021,1
100,695,1012,1019,1021,1
101,883,1007,1014,1020,1
102,912,1012,1014,1020,1
103,363,1012,1019,1021,1
104,946,1007,1014,1020,1
105,144,1010,1015,1021,1
106,951,1007,1014,1020,1
107,544,1012,1019,1020,1
108,355,1007,1014,1020,1
109,957,1007,1014,1020,1
110,459,1007,1014,1020,1
111,689,1012,1014,1020,1
100,112,1012,1019,1021,1
3,114,1007,1014,1020,1
8,115,1012,1019,1021,1
12,116,1006,1014,1020,1
1,117,1007,1014,1020,1
81,119,1012,1019,1021,1
1,121,1007,1014,1021,1
8,123,1007,1014,1021,1
19,124,1007,1014,1020,1
15,126,1007,1014,1020,1
9,127,1007,1016,1020,1
12,128,1007,1014,1020,1
3,129,1007,1016,1021,1
110,130,1011,1015,1021,1
5,131,1009,1014,1021,1
33,132,1006,1015,1022,1
28,133,1007,1014,1021,1
12,134,1007,1014,1020,1
33,135,1006,1014,1020,1
13,136,1007,1014,1021,1
24,137,1007,1014,1020,1
19,138,1012,1016,1021,1
9,139,1007,1014,1020,1
9,140,1007,1016,1020,1
17,141,1012,1016,1020,1
12,142,1007,1016,1020,1
3,143,1006,1014,1021,1
22,144,1012,1019,1020,1
28,145,1007,1013,1021,1
88,146,1007,1017,1020,1
6,147,1012,1019,1021,1
19,148,1007,1016,1020,1
8,149,1006,1016,1021,1
19,150,1007,1014,1020,1
28,151,1009,1016,1021,1
8,152,1012,1014,1021,1
8,153,1007,1014,1021,1
15,154,1009,1016,1020,1
20,155,1012,1014,1020,1
22,156,1012,1014,1020,1
80,157,1006,1019,1021,1
110,158,1012,1014,1020,1
13,159,1012,1019,1021,1
3,160,1007,1014,1020,1
3,161,1007,1019,1021,1
12,162,1007,1014,1020,1
13,163,1009,1016,1020,1
19,164,1006,1014,1021,1
28,165,1006,1016,1021,1
23,166,1009,1016,1020,1
23,167,1012,1014,1021,1
3,168,1012,1017,1020,1
13,169,1010,1013,1020,1
23,170,1007,1014,1020,1
1,171,1007,1014,1020,1
73,172,1012,1019,1021,1
73,173,1006,1019,1020,1
13,174,1007,1013,1021,1
8,175,1006,1019,1021,1
24,176,1006,1013,1020,1
3,177,1007,1014,1020,1
26,178,1006,1013,1021,1
24,179,1006,1014,1020,1
22,180,1012,1014,1020,1
3,181,1009,1016,1020,1
1,182,1007,1014,1021,1
27,183,1007,1019,1020,1
3,184,1007,1014,1020,1
42,185,1007,1014,1020,1
1,186,1007,1014,1021,1
3,187,1009,1019,1020,1
21,188,1007,1014,1021,1
8,189,1012,1016,1021,1
24,190,1006,1013,1022,1
24,191,1007,1014,1021,1
15,192,1007,1014,1021,1
3,193,1007,1019,1020,1
12,194,1007,1014,1020,1
15,195,1007,1014,1021,1
3,196,1007,1014,1020,1
7,197,1006,1013,1020,1
19,198,1007,1014,1022,1
6,199,1012,1019,1021,1
28,200,1009,1016,1021,1
24,201,1006,1014,1020,1
24,202,1007,1015,1021,1
8,203,1007,1014,1020,1
28,204,1009,1015,1021,1
3,205,1007,1017,1021,1
3,206,1007,1016,1021,1
28,207,1009,1016,1021,1
9,208,1012,1014,1021,1
22,209,1012,1016,1020,1
7,210,1007,1014,1020,1
19,211,1007,1014,1020,1
7,212,1007,1014,1020,1
7,213,1009,1016,1020,1
15,214,1007,1014,1020,1
1,215,1012,1019,1021,1
28,216,1006,1016,1021,1
28,217,1007,1016,1021,1
33,218,1007,1019,1020,1
28,219,1007,1013,1021,1
12,220,1012,1014,1020,1
8,221,1012,1019,1021,1
33,222,1007,1014,1020,1
3,223,1007,1014,1021,1
12,224,1007,1014,1020,1
6,225,1007,1014,1020,1
32,226,1007,1014,1020,1
1,227,1009,1016,1021,1
107,228,1007,1014,1020,1
20,229,1012,1014,1020,1
1,230,1007,1014,1020,1
7,231,1006,1014,1021,1
12,232,1007,1014,1020,1
12,233,1007,1014,1020,1
13,234,1007,1016,1020,1
56,235,1007,1014,1020,1
1,236,1007,1014,1021,1
46,237,1007,1014,1020,1
19,238,1007,1014,1020,1
15,239,1007,1014,1021,1
12,242,1007,1013,1020,1
9,243,1007,1014,1020,1
29,244,1007,1014,1020,1
1,245,1008,1019,1020,1
49,246,1007,1019,1020,1
28,247,1012,1019,1021,1
28,248,1009,1016,1021,1
28,249,1009,1014,1021,1
28,250,1006,1016,1021,1
28,251,1007,1019,1021,1
22,252,1007,1014,1020,1
7,255,1009,1015,1020,1
7,256,1006,1017,1022,1
38,257,1007,1016,1020,1
38,258,1007,1015,1020,1
38,259,1007,1014,1020,1
12,260,1007,1014,1020,1
12,261,1007,1018,1020,1
15,262,1007,1015,1021,1
73,263,1007,1014,1021,1
28,264,1011,1018,1021,1
103,265,1012,1019,1021,1
28,266,1009,1016,1021,1
43,267,1012,1019,1021,1
28,268,1006,1016,1021,1
15,269,1007,1014,1020,1
3,270,1007,1017,1020,1
1,271,1012,1016,1021,1
79,272,1012,1019,1021,1
20,273,1009,1019,1020,1
39,274,1009,1015,1021,1
39,275,1006,1014,1021,1
1,277,1007,1014,1020,1
15,278,1009,1019,1020,1
22,279,1009,1019,1020,1
15,280,1012,1019,1021,1
79,281,1012,1019,1021,1
43,282,1012,1019,1021,1
81,283,1012,1019,1021,1
81,284,1012,1019,1021,1
43,285,1009,1016,1021,1
43,286,1009,1019,1021,1
43,287,1012,1019,1020,1
56,288,1007,1014,1020,1
7,289,1007,1014,1020,1
28,290,1011,1016,1021,1
24,291,1007,1014,1022,1
28,292,1012,1014,1021,1
33,293,1012,1019,1020,1
8,294,1007,1014,1021,1
28,295,1012,1018,1021,1
3,296,1007,1014,1020,1
110,297,1007,1014,1020,1
78,298,1012,1019,1021,1
28,299,1007,1014,1021,1
28,300,1007,1019,1021,1
24,301,1012,1014,1021,1
38,302,1007,1019,1020,1
80,303,1007,1016,1021,1
85,304,1012,1015,1021,1
27,305,1009,1016,1020,1
73,306,1012,1019,1021,1
3,307,1006,1017,1020,1
12,308,1007,1014,1020,1
38,309,1006,1019,1020,1
3,310,1012,1018,1020,1
1,311,1012,1019,1021,1
81,312,1012,1019,1021,1
50,313,1007,1014,1020,1
38,314,1007,1017,1020,1
109,315,1007,1014,1021,1
28,317,1011,1018,1021,1
88,318,1007,1019,1020,1
64,319,1012,1019,1021,1
24,320,1012,1013,1021,1
1,321,1007,1014,1021,1
110,322,1009,1016,1021,1
12,323,1007,1014,1020,1
49,324,1007,1014,1020,1
24,325,1007,1014,1020,1
49,326,1007,1014,1020,1
1,327,1007,1014,1021,1
3,328,1007,1017,1020,1
24,329,1007,1014,1021,1
24,330,1009,1014,1021,1
38,331,1008,1015,1020,1
8,332,1012,1019,1021,1
1,333,1012,1019,1021,1
110,334,1007,1014,1020,1
110,335,1007,1013,1021,1
79,336,1012,1019,1021,1
28,337,1009,1019,1021,1
7,338,1007,1016,1020,1
8,339,1009,1016,1021,1
15,340,1007,1014,1020,1
100,341,1012,1019,1021,1
38,342,1007,1016,1020,1
20,343,1009,1014,1020,1
56,344,1007,1014,1020,1
24,345,1007,1019,1020,1
38,346,1006,1017,1020,1
13,347,1007,1014,1021,1
99,348,1007,1014,1021,1
1,349,1007,1014,1021,1
110,350,1006,1013,1021,1
24,351,1009,1018,1022,1
28,352,1010,1016,1021,1
8,353,1012,1019,1020,1
15,354,1007,1014,1020,1
1,355,1007,1019,1021,1
28,356,1009,1014,1021,1
107,357,1009,1015,1020,1
38,358,1007,1015,1020,1
28,359,1007,1013,1021,1
12,360,1007,1013,1020,1
45,361,1009,1015,1020,1
31,362,1006,1013,1020,1
75,364,1012,1014,1020,1
38,365,1009,1015,1020,1
38,367,1007,1014,1020,1
38,368,1007,1014,1020,1
28,369,1012,1016,1021,1
1,370,1007,1014,1020,1
28,371,1007,1018,1021,1
73,372,1008,1018,1021,1
1,373,1007,1014,1020,1
88,374,1007,1013,1022,1
8,375,1012,1019,1021,1
1,376,1007,1014,1020,1
28,379,1009,1019,1021,1
3,380,1007,1014,1020,1
56,381,1012,1019,1021,1
45,382,1006,1013,1021,1
1,384,1007,1014,1021,1
1,385,1007,1014,1021,1
8,386,1012,1019,1021,1
46,387,1007,1016,1020,1
7,388,1006,1016,1020,1
28,389,1009,1018,1021,1
3,390,1007,1014,1021,1
49,391,1007,1014,1020,1
49,392,1007,1014,1020,1
49,393,1012,1013,1021,1
49,394,1007,1016,1020,1
49,395,1007,1014,1022,1
49,396,1012,1019,1020,1
49,397,1007,1014,1020,1
20,398,1009,1019,1020,1
49,399,1007,1014,1020,1
49,400,1007,1014,1021,1
49,401,1007,1014,1022,1
49,402,1007,1019,1021,1
49,403,1007,1014,1020,1
28,404,1009,1016,1021,1
81,405,1012,1019,1021,1
15,406,1007,1014,1020,1
38,407,1006,1015,1020,1
28,408,1007,1013,1021,1
28,409,1007,1014,1021,1
28,410,1007,1014,1021,1
12,411,1006,1016,1020,1
22,412,1012,1019,1021,1
28,413,1007,1014,1021,1
38,415,1009,1013,1020,1
28,416,1007,1014,1021,1
28,417,1007,1014,1021,1
10,418,1012,1019,1020,1
28,419,1007,1014,1021,1
28,420,1007,1014,1021,1
10,421,1007,1014,1020,1
15,422,1007,1016,1022,1
28,423,1009,1019,1021,1
24,424,1012,1014,1020,1
20,425,1007,1016,1021,1
10,426,1011,1017,1020,1
13,427,1007,1016,1020,1
24,428,1009,1014,1020,1
51,429,1012,1019,1020,1
16,430,1007,1014,1021,1
16,432,1012,1019,1021,1
16,433,1007,1016,1021,1
16,434,1007,1014,1021,1
12,435,1007,1016,1020,1
28,436,1007,1019,1021,1
20,437,1007,1014,1020,1
3,438,1012,1014,1020,1
22,439,1012,1019,1020,1
15,440,1007,1016,1020,1
12,441,1008,1018,1022,1
109,442,1007,1014,1020,1
109,443,1007,1014,1020,1
31,444,1012,1013,1020,1
28,445,1012,1016,1021,1
3,446,1007,1017,1020,1
28,447,1007,1016,1021,1
28,448,1006,1016,1021,1
107,450,1006,1014,1020,1
28,451,1007,1019,1021,1
28,452,1007,1016,1021,1
3,453,1007,1014,1020,1
15,454,1007,1014,1020,1
33,455,1012,1014,1021,1
12,456,1007,1014,1020,1
56,457,1007,1014,1020,1
28,458,1007,1016,1021,1
7,459,1007,1014,1020,1
10,460,1007,1014,1021,1
28,461,1006,1016,1021,1
15,463,1007,1014,1022,1
78,464,1012,1019,1021,1
24,465,1007,1014,1020,1
46,466,1007,1014,1020,1
15,467,1007,1014,1020,1
22,468,1012,1019,1021,1
46,469,1006,1016,1020,1
24,470,1007,1016,1020,1
28,471,1007,1016,1021,1
8,472,1007,1014,1021,1
8,473,1007,1014,1020,1
8,474,1012,1019,1021,1
13,475,1007,1014,1020,1
22,476,1009,1017,1022,1
7,477,1007,1014,1020,1
22,479,1012,1015,1022,1
22,480,1007,1016,1021,1
12,481,1007,1017,1020,1
110,482,1007,1014,1020,1
12,483,1007,1014,1020,1
24,484,1012,1016,1021,1
28,485,1007,1019,1021,1
28,486,1007,1016,1021,1
58,487,1007,1016,1021,1
28,488,1007,1014,1021,1
6,489,1007,1014,1021,1
79,490,1007,1014,1020,1
1,491,1012,1019,1021,1
8,492,1007,1014,1020,1
15,493,1007,1014,1020,1
8,494,1012,1019,1020,1
15,495,1007,1016,1021,1
28,496,1006,1013,1021,1
28,497,1007,1016,1021,1
28,498,1007,1013,1021,1
5,499,1007,1014,1020,1
22,500,1007,1019,1020,1
33,501,1007,1014,1020,1
7,502,1006,1013,1020,1
12,503,1007,1014,1020,1
15,504,1007,1014,1020,1
33,505,1007,1019,1020,1
12,506,1007,1014,1020,1
38,507,1007,1016,1020,1
38,508,1007,1014,1020,1
22,509,1007,1019,1020,1
15,510,1007,1014,1020,1
83,511,1007,1016,1020,1
32,512,1007,1014,1020,1
12,513,1007,1016,1020,1
28,514,1007,1016,1021,1
24,515,1009,1014,1022,1
28,516,1012,1016,1021,1
27,517,1007,1016,1020,1
27,518,1009,1016,1020,1
33,519,1006,1019,1020,1
28,520,1007,1014,1021,1
28,521,1009,1016,1021,1
106,522,1007,1019,1020,1
20,523,1009,1019,1021,1
56,524,1007,1014,1020,1
6,525,1006,1014,1020,1
54,526,1007,1014,1020,1
54,527,1012,1013,1020,1
65,528,1012,1019,1021,1
54,529,1007,1014,1020,1
22,530,1009,1016,1022,1
58,531,1007,1019,1020,1
20,532,1009,1019,1021,1
28,533,1012,1013,1021,1
32,534,1006,1013,1020,1
16,535,1009,1014,1021,1
16,536,1007,1014,1020,1
3,537,1007,1014,1020,1
28,538,1007,1014,1021,1
28,539,1007,1016,1021,1
24,540,1007,1016,1020,1
24,541,1007,1014,1020,1
22,542,1007,1019,1020,1
7,543,1006,1013,1022,1
28,544,1007,1016,1021,1
2,545,1007,1013,1021,1
22,546,1006,1013,1021,1
33,547,1007,1014,1020,1
15,548,1006,1014,1021,1
6,549,1007,1014,1020,1
27,550,1007,1014,1022,1
38,551,1006,1017,1020,1
33,552,1012,1014,1020,1
28,553,1009,1019,1021,1
59,554,1007,1014,1020,1
1,555,1007,1014,1021,1
1,556,1007,1014,1021,1
55,557,1012,1014,1021,1
55,558,1006,1015,1020,1
28,559,1009,1019,1021,1
6,560,1007,1014,1020,1
78,562,1009,1019,1021,1
28,563,1012,1016,1021,1
28,564,1007,1014,1021,1
57,565,1012,1014,1021,1
33,566,1007,1014,1021,1
3,567,1007,1017,1020,1
15,568,1007,1014,1020,1
13,569,1007,1016,1020,1
28,570,1012,1016,1021,1
12,572,1007,1014,1020,1
24,573,1007,1016,1020,1
9,574,1007,1014,1020,1
80,575,1012,1019,1021,1
62,576,1012,1016,1020,1
15,577,1007,1014,1020,1
24,578,1009,1013,1021,1
3,579,1007,1014,1020,1
7,580,1008,1016,1020,1
7,581,1007,1014,1020,1
32,582,1007,1014,1020,1
28,583,1006,1014,1021,1
3,584,1006,1014,1020,1
5,585,1007,1014,1021,1
28,586,1009,1016,1021,1
28,587,1012,1019,1021,1
22,588,1012,1019,1020,1
13,589,1007,1013,1020,1
3,590,1007,1019,1021,1
6,591,1009,1014,1020,1
22,592,1007,1016,1021,1
12,593,1007,1014,1020,1
24,594,1006,1014,1020,1
13,595,1006,1019,1021,1
28,596,1009,1018,1021,1
15,597,1007,1014,1021,1
3,598,1007,1019,1020,1
3,599,1012,1016,1020,1
6,600,1007,1019,1021,1
15,601,1012,1019,1021,1
24,602,1012,1016,1022,1
15,603,1012,1018,1021,1
1,604,1007,1014,1021,1
38,605,1007,1017,1020,1
38,606,1011,1015,1020,1
38,607,1007,1014,1020,1
38,608,1012,1017,1020,1
38,609,1006,1017,1020,1
13,610,1007,1016,1021,1
38,611,1007,1016,1020,1
38,612,1007,1014,1020,1
38,613,1006,1013,1020,1
24,614,1006,1016,1020,1
20,615,1006,1019,1020,1
20,616,1012,1019,1020,1
24,617,1012,1019,1022,1
20,618,1007,1014,1020,1
3,620,1007,1013,1020,1
24,621,1012,1014,1021,1
28,622,1007,1014,1021,1
28,623,1009,1014,1021,1
3,624,1012,1019,1020,1
12,625,1006,1013,1020,1
106,626,1012,1019,1021,1
28,627,1009,1018,1021,1
28,628,1012,1018,1021,1
10,629,1007,1014,1022,1
12,630,1007,1014,1020,1
28,631,1012,1018,1021,1
28,632,1012,1016,1021,1
28,633,1006,1018,1021,1
7,634,1006,1013,1022,1
107,635,1007,1014,1020,1
24,636,1006,1014,1020,1
7,637,1007,1014,1020,1
7,638,1008,1013,1020,1
7,639,1007,1014,1022,1
7,640,1007,1014,1022,1
27,641,1007,1013,1022,1
28,642,1009,1014,1021,1
15,643,1009,1015,1020,1
65,645,1012,1019,1021,1
65,646,1012,1019,1021,1
65,647,1012,1019,1021,1
65,648,1012,1019,1021,1
64,649,1012,1016,1021,1
58,650,1007,1014,1020,1
81,652,1012,1019,1021,1
28,653,1006,1018,1021,1
8,655,1009,1019,1021,1
6,656,1007,1014,1021,1
6,657,1012,1019,1021,1
15,658,1007,1014,1021,1
27,659,1007,1014,1021,1
22,661,1012,1019,1021,1
64,662,1007,1015,1020,1
1,663,1007,1014,1020,1
22,664,1012,1019,1020,1
28,665,1007,1016,1021,1
9,666,1007,1014,1020,1
15,667,1007,1014,1020,1
8,668,1012,1016,1021,1
22,669,1009,1013,1021,1
22,670,1007,1019,1021,1
28,671,1006,1016,1021,1
13,672,1012,1018,1021,1
28,673,1007,1017,1021,1
12,674,1007,1014,1020,1
24,675,1009,1016,1021,1
15,676,1007,1014,1020,1
22,677,1012,1019,1020,1
8,678,1006,1019,1021,1
22,679,1012,1019,1020,1
12,680,1007,1014,1020,1
10,681,1007,1014,1020,1
10,682,1007,1014,1020,1
7,683,1006,1014,1020,1
73,684,1008,1018,1021,1
73,685,1007,1014,1020,1
73,686,1007,1013,1020,1
56,687,1007,1014,1020,1
12,688,1007,1014,1020,1
28,689,1012,1014,1021,1
28,690,1012,1018,1021,1
110,691,1009,1016,1020,1
58,692,1006,1014,1020,1
1,693,1007,1014,1020,1
10,694,1007,1015,1020,1
63,695,1007,1014,1020,1
22,696,1007,1019,1020,1
8,697,1012,1019,1021,1
1,698,1009,1013,1021,1
24,699,1007,1013,1022,1
15,700,1008,1015,1022,1
22,701,1012,1019,1020,1
12,702,1007,1016,1021,1
3,703,1007,1017,1020,1
15,704,1007,1014,1022,1
74,705,1007,1017,1020,1
33,706,1007,1014,1020,1
13,707,1006,1013,1021,1
73,708,1007,1014,1020,1
12,709,1007,1014,1020,1
1,710,1007,1014,1020,1
1,711,1012,1019,1021,1
109,712,1008,1016,1020,1
24,713,1012,1019,1020,1
33,714,1006,1019,1020,1
28,715,1009,1016,1021,1
3,716,1012,1015,1020,1
81,717,1012,1019,1021,1
28,718,1009,1016,1021,1
1,719,1007,1014,1021,1
96,720,1007,1014,1020,1
8,721,1007,1014,1020,1
15,722,1007,1014,1021,1
1,723,1007,1014,1020,1
1,724,1007,1014,1020,1
15,725,1007,1014,1020,1
1,726,1007,1014,1020,1
22,727,1006,1019,1020,1
8,728,1012,1019,1021,1
75,729,1007,1014,1020,1
75,730,1007,1015,1020,1
22,731,1012,1019,1020,1
8,732,1012,1019,1021,1
24,733,1007,1018,1021,1
33,734,1012,1014,1020,1
38,735,1007,1016,1020,1
38,736,1007,1017,1020,1
38,737,1007,1019,1020,1
38,738,1006,1015,1020,1
38,739,1007,1014,1020,1
33,740,1007,1019,1020,1
15,741,1007,1014,1021,1
1,742,1007,1014,1020,1
15,743,1007,1014,1021,1
3,744,1007,1014,1020,1
13,745,1012,1013,1021,1
15,746,1007,1014,1021,1
24,747,1006,1016,1022,1
33,748,1007,1014,1020,1
1,749,1007,1014,1020,1
28,751,1010,1019,1021,1
58,752,1009,1016,1020,1
28,753,1012,1016,1021,1
73,754,1007,1014,1020,1
13,755,1007,1014,1020,1
3,756,1012,1017,1020,1
28,757,1007,1014,1021,1
110,758,1006,1013,1021,1
3,759,1012,1015,1020,1
24,760,1009,1019,1020,1
15,761,1007,1014,1020,1
24,762,1007,1013,1021,1
20,763,1007,1014,1021,1
20,764,1009,1019,1020,1
15,765,1007,1014,1020,1
1,766,1012,1019,1021,1
24,767,1009,1014,1020,1
6,768,1007,1013,1020,1
6,769,1007,1014,1020,1
13,770,1012,1016,1020,1
107,771,1012,1019,1021,1
7,772,1006,1014,1020,1
7,773,1007,1016,1022,1
1,774,1009,1016,1021,1
6,775,1007,1013,1020,1
1,777,1009,1019,1021,1
13,778,1012,1014,1020,1
12,779,1009,1016,1020,1
12,780,1007,1014,1020,1
3,781,1007,1014,1020,1
33,782,1007,1014,1020,1
1,783,1007,1014,1021,1
12,784,1009,1013,1020,1
13,785,1007,1016,1020,1
33,786,1007,1019,1020,1
15,787,1007,1014,1021,1
1,788,1009,1016,1021,1
1,789,1007,1014,1020,1
93,790,1007,1017,1020,1
12,791,1012,1018,1020,1
33,792,1012,1014,1020,1
1,793,1007,1014,1020,1
12,794,1007,1014,1020,1
33,795,1007,1014,1020,1
12,796,1009,1016,1020,1
3,797,1012,1017,1021,1
56,798,1007,1014,1020,1
1,799,1007,1014,1020,1
12,800,1007,1016,1020,1
3,801,1012,1016,1021,1
33,802,1012,1019,1020,1
31,803,1006,1013,1020,1
12,804,1007,1014,1020,1
22,805,1012,1013,1022,1
1,806,1007,1014,1020,1
33,807,1007,1014,1020,1
12,808,1007,1014,1020,1
58,809,1012,1019,1021,1
28,811,1009,1019,1021,1
12,812,1007,1014,1020,1
33,813,1012,1014,1020,1
8,814,1007,1019,1021,1
1,815,1012,1019,1021,1
1,816,1007,1014,1021,1
38,817,1007,1019,1020,1
56,818,1007,1014,1020,1
12,819,1006,1013,1020,1
81,820,1012,1019,1020,1
28,821,1012,1016,1021,1
38,822,1007,1017,1021,1
38,823,1007,1016,1020,1
38,824,1007,1015,1020,1
38,825,1007,1019,1020,1
38,826,1006,1015,1022,1
3,827,1009,1015,1020,1
38,828,1007,1015,1020,1
80,829,1009,1014,1020,1
80,830,1007,1019,1020,1
13,831,1012,1019,1021,1
81,832,1007,1014,1021,1
81,833,1012,1019,1021,1
8,834,1012,1019,1021,1
81,835,1012,1019,1021,1
8,836,1012,1015,1022,1
28,838,1007,1016,1021,1
28,839,1010,1019,1021,1
95,840,1012,1019,1020,1
83,841,1007,1014,1020,1
12,842,1007,1019,1020,1
81,843,1012,1019,1022,1
8,844,1012,1019,1021,1
6,845,1012,1019,1020,1
87,846,1006,1013,1022,1
87,847,1006,1014,1021,1
6,848,1012,1019,1020,1
6,849,1012,1019,1020,1
8,850,1012,1019,1021,1
81,851,1012,1019,1021,1
33,852,1012,1019,1020,1
73,853,1007,1016,1021,1
38,854,1007,1019,1020,1
56,855,1007,1014,1020,1
81,856,1012,1019,1022,1
79,857,1007,1014,1020,1
8,858,1012,1013,1021,1
88,859,1007,1014,1022,1
8,860,1012,1019,1021,1
28,861,1007,1016,1021,1
12,862,1007,1019,1021,1
38,863,1012,1019,1020,1
56,864,1007,1013,1020,1
33,865,1007,1019,1021,1
56,866,1007,1014,1020,1
8,867,1012,1019,1021,1
12,868,1006,1019,1020,1
107,869,1007,1014,1020,1
79,870,1007,1014,1020,1
88,871,1007,1014,1020,1
56,872,1007,1013,1020,1
13,873,1007,1014,1020,1
22,874,1006,1019,1020,1
88,875,1012,1016,1021,1
88,876,1009,1016,1021,1
58,877,1006,1013,1021,1
15,878,1009,1013,1021,1
24,880,1012,1019,1021,1
81,881,1012,1019,1021,1
33,882,1007,1019,1020,1
56,883,1006,1014,1020,1
81,884,1012,1019,1021,1
81,885,1012,1019,1021,1
81,886,1012,1019,1021,1
100,887,1012,1019,1021,1
110,888,1008,1013,1021,1
56,889,1012,1019,1021,1
1,890,1012,1019,1020,1
8,891,1012,1019,1021,1
28,892,1009,1018,1021,1
58,893,1012,1019,1021,1
7,894,1007,1016,1020,1
7,895,1008,1016,1020,1
7,896,1007,1014,1020,1
7,897,1007,1016,1020,1
24,898,1007,1014,1020,1
100,899,1007,1019,1021,1
88,900,1007,1014,1020,1
88,901,1007,1016,1020,1
58,902,1006,1019,1020,1
24,903,1009,1013,1021,1
1,904,1012,1019,1021,1
88,905,1007,1014,1020,1
33,906,1006,1019,1020,1
58,907,1012,1019,1021,1
3,908,1007,1016,1020,1
3,909,1012,1016,1021,1
13,910,1007,1013,1020,1
102,911,1007,1014,1020,1
1,913,1007,1014,1020,1
1,914,1007,1014,1020,1
24,915,1012,1019,1022,1
33,916,1012,1019,1020,1
81,917,1006,1013,1020,1
81,918,1012,1019,1021,1
81,919,1012,1019,1021,1
38,920,1007,1015,1020,1
12,921,1007,1014,1021,1
28,922,1007,1019,1021,1
100,923,1012,1019,1021,1
15,924,1009,1016,1022,1
24,925,1007,1014,1021,1
24,926,1006,1013,1022,1
28,927,1009,1016,1021,1
12,928,1007,1019,1022,1
24,929,1007,1013,1020,1
33,930,1012,1014,1020,1
22,931,1007,1019,1020,1
22,932,1006,1016,1020,1
12,933,1007,1014,1022,1
12,934,1007,1015,1021,1
24,935,1009,1016,1021,1
12,936,1007,1014,1020,1
28,937,1009,1014,1021,1
28,938,1007,1016,1021,1
73,939,1007,1014,1020,1
12,940,1007,1014,1020,1
24,942,1006,1019,1021,1
58,943,1006,1013,1021,1
24,944,1007,1014,1020,1
1,945,1009,1016,1021,1
12,947,1007,1014,1020,1
38,948,1007,1014,1020,1
24,949,1009,1019,1021,1
33,950,1007,1014,1020,1
107,952,1007,1014,1020,1
107,953,1007,1014,1020,1
13,954,1006,1016,1020,1
81,955,1012,1019,1021,1
13,956,1007,1014,1022,1
1,957,1012,1019,1021,1
33,958,1007,1014,1020,1
58,959,1007,1014,1021,1
81,960,1012,1019,1021,1
12,961,1007,1019,1020,1
12,962,1007,1014,1020,1
82,963,1007,1016,1020,1
3,964,1012,1015,1020,1
12,965,1007,1014,1021,1
12,966,1007,1014,1021,1
1,967,1012,1019,1020,1
1,968,1012,1019,1020,1
58,969,1006,1019,1021,1
56,970,1007,1016,1020,1
1,971,1012,1019,1021,1
1,972,1006,1013,1021,1
1,973,1012,1019,1021,1
81,974,1012,1019,1021,1
1,975,1012,1019,1020,1
38,976,1007,1016,1020,1
38,977,1010,1013,1020,1
38,978,1007,1015,1020,1
38,979,1007,1017,1020,1
38,980,1007,1015,1020,1
38,981,1010,1018,1020,1
38,982,1007,1015,1020,1
38,983,1007,1015,1020,1
38,984,1007,1013,1020,1
38,985,1007,1013,1020,1
38,986,1007,1013,1020,1
24,987,1007,1016,1021,1
1,988,1007,1014,1021,1
1,989,1007,1014,1021,1
1,990,1007,1014,1021,1
1,991,1012,1019,1021,1
1,992,1012,1019,1021,1
28,993,1007,1014,1021,1
1,994,1007,1014,1021,1
13,995,1006,1016,1021,1
73,996,1012,1015,1021,1
56,997,1007,1014,1020,1
56,998,1007,1014,1020,1
24,999,1012,1014,1021,1
24,1000,1006,1013,1022,1
24,1001,1006,1016,1021,1
24,1002,1007,1013,1020,1
28,1003,1010,1019,1021,1
56,1004,1007,1014,1020,1
28,1005,1012,1016,1021,1
7,540,1006,1014,1020,1
28,223,1007,1016,1021,1
12,204,1008,1015,1020,1
28,381,1009,1019,1021,1
3,779,1010,1019,1020,1
28,189,1011,1018,1021,1
28,246,1012,1018,1021,1
110,653,1006,1013,1022,1
16,138,1009,1014,1022,1
46,560,1009,1015,1021,1
28,215,1007,1016,1021,1
27,189,1012,1017,1020,1
3,130,1006,1018,1020,1
1,852,1012,1019,1021,1
12,703,1007,1016,1020,1
3,137,1007,1014,1021,1
19,146,1007,1017,1022,1
1,938,1007,1014,1020,1
1,753,1012,1019,1021,1
3,956,1007,1014,1020,1
8,735,1012,1019,1021,1
12,695,1007,1014,1020,1
12,183,1007,1014,1020,1
15,752,1007,1014,1020,1
15,390,1007,1014,1021,1
19,154,1007,1014,1021,1
22,532,1012,1019,1020,1
27,547,1007,1014,1020,1
28,484,1007,1016,1021,1
28,562,1009,1016,1021,1
32,456,1007,1014,1020,1
33,880,1007,1014,1020,1
33,489,1012,1019,1020,1
56,133,1007,1014,1020,1
81,566,1012,1019,1021,1
107,812,1007,1014,1020,1
